"Id","SalePrice"
1461,124438.99999999999
1462,151009
1463,186438.5685714285
1464,192251.3142857143
1465,190410.47999999998
1466,186627.33333333337
1467,171239
1468,177601.79047619048
1469,190423.7
1470,127814.58666666667
1471,204997.78333333333
1472,101797.36666666665
1473,100155.26666666666
1474,151478.6666666667
1475,132563.57999999996
1476,380063.07999999996
1477,258195.64
1478,306802.8857575758
1479,303736.5933333333
1480,422691.7474999999
1481,319675.9399999999
1482,205816.20217948724
1483,188247.54233333337
1484,178826.52833333332
1485,182193.53
1486,203911.0333333333
1487,332053.74666666664
1488,254105.1566666667
1489,200004.199
1490,238064.44666666666
1491,192212.3
1492,105622.18000000001
1493,178286.99999999997
1494,298636.7533333334
1495,302891.6966666667
1496,243206.45499999996
1497,189119.34666666674
1498,162007.64166666666
1499,159682.0283333333
1500,163651.00166666668
1501,172214.6
1502,167459
1503,289845.9749999999
1504,231350.15999999997
1505,222721.3316666667
1506,179131.35000000003
1507,256596.2
1508,185752.63999999996
1509,164916.49999999997
1510,145719.6666666667
1511,151884.99999999997
1512,168278.6666666667
1513,148080.02666666658
1514,149838.33333333337
1515,185225.99999999997
1516,143091.9466666667
1517,155324.4
1518,135853
1519,223560.46095238093
1520,138224.16666666666
1521,143270
1522,157864.99999999997
1523,119699.51999999999
1524,123952.49999999999
1525,130169.66000000002
1526,128191.33333333334
1527,117945.62666666669
1528,131932
1529,142656.99999999997
1530,175044.39999999997
1531,133556.62
1532,105808
1533,136589.36
1534,118102.77333333332
1535,146577.58333333328
1536,122308.35000000003
1537,99698.42000000001
1538,157081.34000000003
1539,199362.49999999994
1540,124724.06000000001
1541,137580.6666666667
1542,137824.52000000002
1543,192329
1544,95391.16666666667
1545,112693.99999999999
1546,132622.03333333333
1547,136499.99999999997
1548,125287.5
1549,115779.99999999997
1550,139563.50666666665
1551,120321.33333333334
1552,155487.68
1553,143667.49999999997
1554,122829.96666666667
1555,178914.39
1556,111939.00000000001
1557,112422
1558,108217
1559,113794
1560,138793.44000000003
1561,133721.00000000003
1562,131300.2
1563,128648.00000000001
1564,163022.99999999997
1565,157645.00000000006
1566,214409.99999999997
1567,89732.55333333333
1568,230307
1569,148115.0133333333
1570,151997.16666666663
1571,127177.18000000002
1572,141565.25000000006
1573,240956.87666666668
1574,123507.86
1575,216728.20000000004
1576,238234.08333333337
1577,200404.2656666666
1578,137603.45333333337
1579,148917.40000000002
1580,188217.22
1581,147278.6666666667
1582,126628.00000000001
1583,305214.88666666666
1584,242073.1822222222
1585,139833.4666666667
1586,80142
1587,115794.3
1588,155113.50000000003
1589,105805.50000000001
1590,137410.73333333334
1591,109061.59999999998
1592,132283.99999999997
1593,132976.53333333335
1594,149353.12000000002
1595,125720.64000000001
1596,215812.73999999993
1597,182166.5720000001
1598,204415.8
1599,181138.6400000001
1600,185889.94500000004
1601,75998.74
1602,117368.27714285716
1603,100285.42000000001
1604,283079.99999999994
1605,248279.89523809525
1606,167819.00000000006
1607,162491.8
1608,221637.06000000003
1609,191868.9156666667
1610,171240.23333333334
1611,143412.33999999994
1612,193640.15666666665
1613,181172.9188888889
1614,133955.03333333335
1615,97364.33333333334
1616,88255.83333333333
1617,88086.83333333336
1618,126692.00000000003
1619,143377.15999999997
1620,180992.01333333328
1621,142067.3
1622,144342.99999999997
1623,270482.3799999999
1624,216898.24333333338
1625,129084.99999999996
1626,162920.00000000003
1627,190920.12857142853
1628,270889.3533333333
1629,179447.26666666663
1630,348306.6808333334
1631,211214.51999999996
1632,240299.39428571422
1633,179266.70000000007
1634,190572.3066666667
1635,178282.98666666666
1636,173641.3533333333
1637,190136.58
1638,204589.63999999998
1639,182422.99999999997
1640,236099.6
1641,179201.50000000003
1642,233715.11555555556
1643,233631.27999999997
1644,229867.1733333333
1645,191555.90000000002
1646,160331.00000000003
1647,153312.00000000003
1648,139780.20000000004
1649,139874.33333333337
1650,122246.33333333333
1651,125853.16666666669
1652,99049.20000000003
1653,103292.19999999998
1654,153347.74000000002
1655,149995.40000000002
1656,148549.33333333337
1657,151143.1466666667
1658,156864.13333333333
1659,134095.68
1660,169320.00000000003
1661,419990.4866666667
1662,360625.32833333337
1663,371127.8125000001
1664,422668.5691666667
1665,337531.12909090903
1666,339634.0949242424
1667,377114.2666666666
1668,333406.89242424234
1669,298167.6533333333
1670,340356.5486363636
1671,267815.44
1672,441207.88583333336
1673,305899.705
1674,246250.53999999992
1675,200159.7038461538
1676,195942.25384615388
1677,219126.35
1678,428124.9466666668
1679,374665.32583333325
1680,326817.82916666666
1681,262524.77999999997
1682,306651.32999999996
1683,187651.68051282055
1684,174997.85
1685,175467.21666666667
1686,164639.4466666666
1687,173798.55000000002
1688,193799.52666666673
1689,199295.6
1690,185026.62666666665
1691,180953.26333333334
1692,264873.1235714287
1693,182062.74999999997
1694,183163.94666666666
1695,171111.72380952377
1696,274040.16666666657
1697,171478.26666666663
1698,338244.17333333334
1699,324405.7299999999
1700,261255.28666666665
1701,271588.12000000005
1702,251908.31333333332
1703,256866.89999999997
1704,289766.45249999996
1705,247835.1033333333
1706,389093.9941666667
1707,209169.00233333334
1708,199063.0366666666
1709,253784.93333333338
1710,222079.86833333335
1711,275255.57666666666
1712,271746.63333333336
1713,283413.6225
1714,220689.6742857143
1715,206288.56666666674
1716,176491.18566666672
1717,170805.4523333333
1718,145951
1719,202150.53333333333
1720,258943.05
1721,170425.42
1722,145901.99999999997
1723,163898.00666666674
1724,210802.36666666667
1725,243482.23333333334
1726,196692.96000000002
1727,177338.26333333334
1728,185212.43333333338
1729,168621.70000000007
1730,165840.44
1731,129257.99333333332
1732,132501.32000000004
1733,126225.50000000001
1734,130965.24999999999
1735,134490.83333333337
1736,124575.83333333334
1737,323862.47250000003
1738,249045.3888888889
1739,261177.3566666667
1740,234970.92
1741,197245.08666666667
1742,171544.93333333335
1743,177674.72666666663
1744,292407.67999999993
1745,224732.7266666667
1746,246869.42000000004
1747,197669.66666666666
1748,221344.93999999994
1749,168412.80000000002
1750,141860.0166666667
1751,227202.17999999996
1752,124650.49999999997
1753,143072.99999999997
1754,191271.53999999995
1755,171747.33333333334
1756,128545.32666666663
1757,121431.50000000001
1758,160230.53999999998
1759,163225.63333333327
1760,167073.99999999997
1761,150939.3333333333
1762,196952.99999999997
1763,173999.11000000002
1764,127223.49999999997
1765,176612.99999999994
1766,165263.00000000003
1767,197286.1
1768,144287.99999999994
1769,165448.78999999998
1770,145617.5
1771,137578.1666666667
1772,142790.99999999997
1773,146952.99999999994
1774,141789.06666666668
1775,139331.50000000006
1776,131528
1777,117052.92
1778,139636.50000000006
1779,125509.34000000001
1780,164220
1781,133544.3333333333
1782,104285
1783,142808.66666666672
1784,113718.39999999998
1785,120620
1786,178238.67999999996
1787,156801.49999999997
1788,86019.00000000001
1789,111364.61333333336
1790,102943.41999999998
1791,194198.26666666672
1792,149235.66666666663
1793,146637
1794,148271.2
1795,141251.5
1796,145078.60000000003
1797,120097.65999999999
1798,130393.66666666666
1799,121713.99333333336
1800,137767.97333333333
1801,123594.58000000002
1802,136893.33333333328
1803,150263.99999999997
1804,145503.69999999998
1805,137366.83333333334
1806,116943.57999999999
1807,132608.6
1808,121315.60000000002
1809,121801.15999999997
1810,137774.68
1811,115482.08000000002
1812,109150.51999999999
1813,123353.52380952382
1814,106939.00000000001
1815,72477.7
1816,106677.94666666667
1817,125182.99999999999
1818,156685.71999999997
1819,135455.04000000007
1820,86699.71999999999
1821,115798.02000000002
1822,146215.86000000002
1823,63260.32666666667
1824,139609.59999999998
1825,146857
1826,115280.77666666666
1827,112318.17333333332
1828,132380.3333333333
1829,122087.86000000002
1830,134825.74
1831,143577.68
1832,117565.66666666667
1833,144477.75999999995
1834,127503.47999999997
1835,127625.33333333331
1836,131541.19999999998
1837,103967.74
1838,136786.18000000002
1839,104626.10000000002
1840,176126
1841,139158.27333333335
1842,103189.52000000002
1843,142653.07666666663
1844,151688.40000000005
1845,147956.8066666667
1846,156681.00000000003
1847,188673.28
1848,73436.1
1849,110287.94666666668
1850,126404.25000000001
1851,152563
1852,135879
1853,147776.6783333333
1854,178876.32
1855,189486.99999999997
1856,219654.25
1857,193503.99999999997
1858,147820.84533333336
1859,118415.6
1860,155849.83333333328
1861,119024.31999999999
1862,285192.1800000001
1863,270562.1800000001
1864,270562.1800000001
1865,327304.4
1866,326696.62999999995
1867,236024.02745098036
1868,287443.41333333333
1869,203240.4266666666
1870,226688.47411764707
1871,262860.00333333336
1872,177829.94
1873,235732.44
1874,151420.33333333337
1875,200747.46666666667
1876,203170.04888888888
1877,217190.00566666664
1878,210089.41666666663
1879,133536.6
1880,135134
1881,240922.00666666665
1882,256914.14833333332
1883,200003.49571428573
1884,213547.17904761902
1885,245678.86078431367
1886,288295.87333333323
1887,210508.27000000002
1888,271327.0466666666
1889,181214.29
1890,135562.33333333328
1891,143234.2
1892,115604.33333333336
1893,137812.70000000004
1894,136983.1
1895,145888.75
1896,130468.66000000003
1897,135531.03999999998
1898,133416.48
1899,156012.53333333333
1900,144049
1901,172116.3333333333
1902,139283
1903,223844.63999999996
1904,154814.3333333333
1905,193392.99999999997
1906,168338.3566666666
1907,210591
1908,127522.19999999998
1909,145140.80000000002
1910,128424.07333333333
1911,211376.17999999996
1912,266810.06888888887
1913,171709.44000000003
1914,67417.00000000003
1915,347532.5199999999
1916,72315.15999999997
1917,258497.50857142863
1918,144076.83333333328
1919,169943.7399999999
1920,164852.56
1921,371910.19750000007
1922,313768.27999999985
1923,219202.69999999995
1924,214679.34000000003
1925,213861.49238095235
1926,363614.1525000001
1927,136744.76
1928,156637.74000000002
1929,127356.92
1930,145800.69999999998
1931,145243.69999999998
1932,144840.74000000002
1933,189919.8
1934,176748.93333333332
1935,177893.30000000002
1936,192734.80000000002
1937,186811.63999999998
1938,193863.90000000002
1939,273271.84
1940,194367.1
1941,179135.85904761901
1942,191420
1943,191443.30500000002
1944,360321.1099999999
1945,390506.97
1946,162900.09999999995
1947,304301.99454545445
1948,170157
1949,236305.5266666667
1950,176863.41666666672
1951,247257.37
1952,210726.33333333328
1953,172069.07333333336
1954,193705.8333333334
1955,141445.83333333334
1956,304581.2633333334
1957,160717.00000000006
1958,297515.2652380953
1959,150282
1960,125135
1961,125259.49999999999
1962,102964.4333333333
1963,107552.76666666669
1964,112819.45714285717
1965,144368.86666666667
1966,145633.41999999998
1967,317938.86000000004
1968,436211.13249999995
1969,365729.5683333333
1970,412840.9075
1971,382853.2333333332
1972,351032.1533333334
1973,279889.4499999999
1974,334964
1975,465242.0216666666
1976,280199.5133333334
1977,362555.8533333334
1978,362191.97333333344
1979,306216.4874242425
1980,209921.52833333335
1981,338132.29409090907
1982,227296.07384615386
1983,213809.11384615384
1984,168372.8371794871
1985,213965.31000000006
1986,206457.80666666664
1987,188268.58666666667
1988,177808.3333333333
1989,190654.5333333333
1990,216385.90333333332
1991,220510.5888461538
1992,208474.1466666667
1993,173672.85000000006
1994,243803.40000000002
1995,181651.2238095238
1996,263771.61333333334
1997,313818.5066666666
1998,338887.45666666667
1999,277064.9600000001
2000,300663.1466666668
2001,284456.66333333333
2002,257462.81999999995
2003,268485.5941176471
2004,269509.474117647
2005,250634.41999999998
2006,216261.61899999995
2007,260546.64666666667
2008,202559.13900000002
2009,202447.99999999997
2010,190943.45333333334
2011,151672
2012,186065.34566666663
2013,186156.78571428574
2014,196711.60571428572
2015,192545.9133333334
2016,205610.50000000003
2017,197880.78571428574
2018,135262.99999999997
2019,138099.6666666667
2020,122758.99999999999
2021,128076.50000000001
2022,174723.74
2023,157942.38000000006
2024,271749.4
2025,332539.0266666666
2026,188632.66500000007
2027,160291.5683333333
2028,154973.92
2029,177816.1066666667
2030,261451.6745454546
2031,236680.43999999994
2032,246954.915
2033,252884.83333333334
2034,170277.10333333333
2035,208247.32
2036,176107.6
2037,183984.14
2038,257736.3266666667
2039,230178.33411764706
2040,307634.75333333336
2041,280098.99411764706
2042,206051.13805555552
2043,167306.19523809527
2044,175726.50000000003
2045,204998.00000000003
2046,143714.10000000003
2047,149283.5
2048,137695.50000000003
2049,139867.17866666667
2050,170849.30666666667
2051,114038.00666666664
2052,136153.99999999997
2053,141461.49999999997
2054,100915.37333333334
2055,158693.99999999994
2056,149090.66666666666
2057,130342.50000000004
2058,217771.6666666666
2059,142066.74999999997
2060,158379.00000000003
2061,160116.00000000006
2062,134848.50000000006
2063,121163.5
2064,137019.66666666666
2065,123753.65999999999
2066,155181.27999999997
2067,142851.50000000003
2068,139708.19999999998
2069,92012.50000000003
2070,114313.07999999999
2071,105366.95999999998
2072,140353.33333333334
2073,148543.19999999998
2074,168524.0000000001
2075,147613.49999999997
2076,123867.07333333336
2077,146670.99999999994
2078,131320.78
2079,133185.99999999997
2080,128163
2081,123340.00000000001
2082,138536
2083,138069.06
2084,117535.33333333336
2085,133608.49999999997
2086,136899.67
2087,127391.08
2088,118782.86000000003
2089,93237.60000000002
2090,130788.58000000002
2091,122092.07999999999
2092,125909.48
2093,129847.86
2094,118207.96666666667
2095,141026.64000000004
2096,101239.2
2097,101765.08
2098,134322
2099,76861.98000000001
2100,117034.64000000001
2101,127071.86000000002
2102,126429.05666666666
2103,111163.49333333336
2104,127348.68000000002
2105,119935.15999999997
2106,90853
2107,203011.9333333333
2108,117058.49999999999
2109,117104.06000000001
2110,135843.77000000005
2111,140471.52
2112,139095.74
2113,126303.66666666666
2114,118656.80666666669
2115,142364.93000000008
2116,127988.50000000001
2117,137027.69999999998
2118,130291.00000000003
2119,121013.86000000002
2120,127265.66666666669
2121,103920.50000000001
2122,114176.75000000001
2123,101236
2124,156143.66666666666
2125,134712.58666666667
2126,152662.99999999994
2127,145490.00000000003
2128,128964.32
2129,102023.10666666667
2130,131913.60666666663
2131,169253.90666666665
2132,109890.88000000002
2133,122339.02
2134,126359.52
2135,100126.84666666668
2136,88268.5
2137,121914
2138,141571.5
2139,155015.86666666664
2140,139805.19999999998
2141,153011.00000000003
2142,136221.33333333337
2143,148153.55999999997
2144,131974.0000000001
2145,140354.16666666666
2146,157156
2147,179943.17333333334
2148,138851.96000000002
2149,154955.79333333333
2150,199634.74000000008
2151,121702.69999999998
2152,150597.00000000006
2153,164178.6100000001
2154,109341.05999999998
2155,134332.5
2156,276798.93999999994
2157,233065.33999999994
2158,238554.68738095238
2159,216524.14666666675
2160,174105.29428571428
2161,251925.16000000003
2162,347137.22
2163,343940.86166666663
2164,247318.64745098038
2165,197026.64
2166,147955.16666666672
2167,213139.6666666667
2168,211123.50000000003
2169,195482.16666666666
2170,218003.1666666666
2171,148837.66666666666
2172,141921.64000000007
2173,159652
2174,227571.29222222217
2175,284607.73745098046
2176,325395.41333333333
2177,251048.79333333336
2178,214353.1666666666
2179,145666.49523809523
2180,229723.12000000002
2181,204376.4866666667
2182,224524.29666666666
2183,197853.99566666665
2184,130723.49999999999
2185,142793.33333333337
2186,138816.74000000002
2187,155363.97333333327
2188,149148
2189,218059.26
2190,84656.66666666667
2191,91415.00000000001
2192,100178
2193,107449
2194,108624.66666666664
2195,120937.49999999999
2196,123842.58000000002
2197,127991.00000000001
2198,150393.43333333338
2199,170074.06000000006
2200,144774
2201,138610.74000000005
2202,194770.91000000006
2203,166319
2204,190632.65000000002
2205,123692.52000000002
2206,150064.8333333334
2207,200957.44000000003
2208,244022.78666666668
2209,199783.74
2210,133878.24000000002
2211,119852.59999999999
2212,117783.76
2213,106614.74000000003
2214,147384.6666666667
2215,111123.33333333334
2216,158037.99999999997
2217,96154.16
2218,97737.82666666663
2219,94096.9
2220,101172.46000000004
2221,347532.5199999999
2222,261100.42000000004
2223,297628.11333333346
2224,218557.58000000005
2225,145040.52000000002
2226,199918.99999999997
2227,200859.26
2228,275500.99999999994
2229,238636.03411764704
2230,166843.86666666667
2231,204587.02000000005
2232,195162.1
2233,197483.48666666663
2234,248854.90999999995
2235,242645.67595238096
2236,267011.67333333346
2237,351079.3925000001
2238,196766.3733333333
2239,133547.49999999997
2240,161407.3333333333
2241,146368
2242,137530.5
2243,132779.46666666665
2244,102574.33333333334
2245,103637
2246,145656.99999999997
2247,112104.5
2248,128610.66666666667
2249,131303.58
2250,137024.99999999997
2251,130626.66
2252,167824.99999999997
2253,167658.0571428571
2254,181186.68000000005
2255,190033.99999999997
2256,179995.9023809524
2257,208154.43333333332
2258,175257.63333333333
2259,182144.0000000001
2260,168307.3333333334
2261,182669.66500000004
2262,201947.97999999998
2263,356263.9500000001
2264,414664.74
2265,161180.1600000001
2266,277461.76666666655
2267,366053.79750000004
2268,403281.6500000001
2269,165433.69999999998
2270,178963.98333333337
2271,222987.83333333334
2272,199013.99999999994
2273,167159.5
2274,173205
2275,176193.00000000006
2276,181214.00000000003
2277,182571.63999999998
2278,138661.66
2279,134596.49999999997
2280,123980.00000000001
2281,194450.55333333334
2282,203132.58666666664
2283,101354.6
2284,117103.51714285713
2285,151248.38
2286,131032.03333333335
2287,355932.514090909
2288,295990.43909090915
2289,356418.25999999995
2290,416304.60750000004
2291,327583.0216666667
2292,432446.6441666666
2293,420622.23916666675
2294,374733.4466666667
2295,423263.39916666655
2296,278650.87000000005
2297,337925.5333333333
2298,349284.73333333334
2299,344811.42
2300,322114.74666666664
2301,314631.97000000015
2302,255496.07166666663
2303,244070.45500000005
2304,259112.23411764705
2305,202434.31813186815
2306,200746.49717948717
2307,200236.7588461538
2308,218557.3871794872
2309,275657.0545454546
2310,227919.34717948717
2311,194184.0038461538
2312,181187.32428571425
2313,178635.8357142857
2314,183092.73857142864
2315,177339.9576190476
2316,206821.38000000006
2317,194102.85900000003
2318,178545.62761904762
2319,177199.60428571416
2320,179840.27328571427
2321,239272.91999999998
2322,166758.26761904763
2323,183847.62333333332
2324,178260.55000000002
2325,215533.7142857143
2326,171292.84999999998
2327,213889.5366666666
2328,223162.76999999996
2329,180798.09047619047
2330,181772.11904761902
2331,350556.3833333334
2332,351837.13833333337
2333,323889.3733333334
2334,263628.71166666667
2335,277168.3350000001
2336,314326.8
2337,201211.4042857143
2338,273875.87
2339,233002.5733333333
2340,365825.30999999994
2341,227371.6742857143
2342,230822.44761904763
2343,223895.61666666667
2344,233440.17999999996
2345,240608.78000000006
2346,208835.2856666667
2347,193756.36995238098
2348,228684.46000000002
2349,196042.77000000005
2350,309999.2666666667
2351,276263.6466666667
2352,262498.02
2353,266596.5483333334
2354,142695.7
2355,157735.43999999994
2356,163506.7733333334
2357,199247.75333333327
2358,201413.4857142857
2359,131536.3333333333
2360,128899.68000000001
2361,137914.33333333334
2362,268069.1150000001
2363,146157.05999999997
2364,165720.69999999998
2365,214251.11500000002
2366,190379.0183333334
2367,223864.15166666667
2368,202732.63333333333
2369,220093.32
2370,175066.26666666666
2371,177131
2372,185844.45666666664
2373,263345.10000000003
2374,283485.1666666667
2375,256360.95333333343
2376,276370.00000000006
2377,317119.3900000001
2378,153096.5
2379,188645.1666666667
2380,151651.82666666663
2381,161027.26666666666
2382,194320.3285714286
2383,211414.90666666668
2384,235651.60500000004
2385,163642.07333333333
2386,146161.66666666666
2387,141284.66666666666
2388,105615.14666666667
2389,137055.9933333333
2390,147974
2391,140838.53333333333
2392,121436.18000000002
2393,159536.01333333328
2394,154220.50000000003
2395,196432.1666666667
2396,150625
2397,208997.99999999994
2398,134626.00000000003
2399,72799.44
2400,75373.00000000003
2401,119825.66
2402,133707.00000000003
2403,135420.00000000003
2404,161355.73999999996
2405,159824.00000000003
2406,134516.49999999997
2407,136816.66000000003
2408,141119.50000000003
2409,138193.66666666663
2410,167040
2411,120693.16000000002
2412,150841.75000000003
2413,136171.5
2414,143442
2415,128609.28000000001
2416,126283.99999999999
2417,137647.16666666672
2418,127860.16000000002
2419,127456.50000000001
2420,130725.70000000001
2421,148149.24999999997
2422,116858.27333333333
2423,126120.01999999999
2424,141328
2425,231588.57333333333
2426,126655.01999999999
2427,139525.47999999995
2428,169395.68000000002
2429,117474.83333333334
2430,132976.69999999998
2431,132822.99999999994
2432,142003.16666666663
2433,147030.74999999997
2434,140452.86
2435,153813.74999999997
2436,113123.99999999999
2437,114238.98000000003
2438,130366.31333333332
2439,111618.02
2440,123121.09333333334
2441,112962.75
2442,112565.95999999996
2443,126065.6
2444,133254
2445,101791.5
2446,131904
2447,170118.78857142865
2448,137088.02666666667
2449,113590.78
2450,137374.74000000002
2451,142472.66666666666
2452,190502.00000000006
2453,108040.34
2454,131594.55999999994
2455,126061
2456,129102.68000000004
2457,124806.41666666669
2458,136007.66666666663
2459,118023.33333333336
2460,135782.99999999997
2461,120659.09666666665
2462,131218.3333333333
2463,126593.75
2464,160280.61999999994
2465,142085.78
2466,121314.01333333334
2467,147443.66666666663
2468,100345.00000000003
2469,101161.73999999999
2470,173624.88000000006
2471,201055.49999999997
2472,165341.99999999997
2473,118152.22000000002
2474,102306.08
2475,197559
2476,122446.68
2477,132400.83333333328
2478,162277.64000000004
2479,123426.36
2480,158529.70999999996
2481,131416.33333333337
2482,132940.45999999996
2483,120229.65333333334
2484,131527.66666666672
2485,129721.83333333331
2486,154049.65999999995
2487,209143.22888888893
2488,151693.05000000002
2489,160222.15333333332
2490,152024
2491,104282.30666666667
2492,188636.63999999998
2493,155656.99999999997
2494,160337.64
2495,109022.24
2496,243374.19999999995
2497,143494.90000000005
2498,117694.0733333333
2499,108385.99999999999
2500,137040.1666666666
2501,137083.50000000006
2502,142895.24999999997
2503,112465.74000000003
2504,180939.28000000006
2505,222596.66000000003
2506,257912.41333333333
2507,289704.0633333334
2508,259312.76666666663
2509,215687.285
2510,226614.05999999997
2511,190899.539
2512,212881.12000000002
2513,215568.86000000004
2514,248160.37411764706
2515,151543.44
2516,176432.21000000014
2517,138234
2518,156028.00000000006
2519,235187.06000000003
2520,209975.06666666668
2521,199716.07904761907
2522,219726.7022222222
2523,135018.68
2524,146618.24000000005
2525,146039.87999999995
2526,137446.2
2527,127523.00000000001
2528,130377.82000000004
2529,142733.16666666663
2530,129893.62666666669
2531,254306.20666666667
2532,223660.02222222224
2533,199560.92904761905
2534,240831.64666666664
2535,273339.1466666666
2536,235093.19999999995
2537,239280.41411764707
2538,181400.63095238095
2539,186654.8723333333
2540,184528.65095238097
2541,177012.52333333335
2542,174650.67000000004
2543,144026.89333333337
2544,124770.41999999998
2545,140305.63999999998
2546,133013.99999999997
2547,135378.26666666666
2548,172838.83199999997
2549,164543.97999999998
2550,306756.8400000002
2551,142030.53333333333
2552,127220.78
2553,93132.66666666667
2554,129888
2555,124883.99999999999
2556,112825.31333333334
2557,116724.86000000003
2558,171848.06000000008
2559,144687.07333333336
2560,147519.58666666664
2561,149004
2562,148883.40666666668
2563,154414.41333333336
2564,193843.35999999993
2565,150771.69999999992
2566,180065.24999999997
2567,142099.3333333333
2568,205925.00000000006
2569,206530
2570,133923.23999999996
2571,213791.06
2572,156809.08666666664
2573,206718.73999999996
2574,291896.73333333345
2575,129297.33333333337
2576,126207.00000000003
2577,163151.99999999997
2578,105631.96000000004
2579,90042.66
2580,148345
2581,125662.2
2582,124431.36
2583,297292.8750000002
2584,167265.41999999995
2585,207251.94166666665
2586,216312.47333333342
2587,187631.75999999995
2588,140023.65999999997
2589,150209.19999999998
2590,212350.87000000002
2591,228474.01904761905
2592,220784.54000000007
2593,269874.2833333334
2594,192483.6666666667
2595,216130.38999999998
2596,301299.8325000001
2597,204563.26666666672
2598,278264.25500000006
2599,338922.45
2600,148638.33999999997
2601,154044.56
2602,87940.83333333333
2603,96632
2604,89018
2605,94744.81333333334
2606,156958.83999999994
2607,176676.6
2608,202960.40000000005
2609,169127.36666666658
2610,113634.66
2611,133335
2612,152890.00000000003
2613,134574.5
2614,124613.99333333333
2615,147699
2616,149383.00000000003
2617,177170.99999999997
2618,182696.00000000003
2619,184748
2620,184369.29999999993
2621,187692.5
2622,189569.3333333333
2623,247711.50833333342
2624,287851.92
2625,325236.6666666667
2626,172674.66666666666
2627,181061.7
2628,423645.32000000007
2629,471753.5199999999
2630,351751.3900000001
2631,455571.82750000013
2632,406283.9099999999
2633,300253.8945454545
2634,398534.04500000004
2635,163353.19999999998
2636,190981.6666666666
2637,187516.56
2638,252749.75999999992
2639,179942
2640,155932.2166666667
2641,108323.91999999998
2642,201441.2016666667
2643,107131.60000000003
2644,138085.33333333337
2645,110621.66666666666
2646,97227.53333333337
2647,105188.26666666669
2648,141888.6666666667
2649,141594.99999999997
2650,145042.18000000005
2651,151185.66666666666
2652,407610.8333333335
2653,258369.6933333333
2654,287045.0990909091
2655,372134.16409090924
2656,298997.81666666653
2657,338553.9
2658,307855.67333333334
2659,307968.90166666673
2660,351404.4533333332
2661,346816.7390909092
2662,349091.44113636366
2663,277429.4341176472
2664,278637.7345454546
2665,317770.10575757583
2666,300155.4933333333
2667,171493.7142857143
2668,179388.76952380955
2669,181972.68328571433
2670,276484.5483333334
2671,177751.9428571429
2672,184029.30499999996
2673,201048.63
2674,198752.16666666666
2675,176029.94
2676,194768.38999999996
2677,189775.93333333335
2678,264192.12000000017
2679,287286.0774509804
2680,281987.37333333335
2681,353545.36
2682,325288.9916666667
2683,457115.6066666667
2684,303614.55833333347
2685,330296.5233333334
2686,256721.96078431373
2687,349032.56499999994
2688,225000.45761904764
2689,206352.639
2690,431994.805
2691,207367.93333333335
2692,151628.99999999997
2693,198190.33995238086
2694,147251.99999999997
2695,195435.8233333333
2696,185821.0433333333
2697,193871.8133333333
2698,206825.34666666668
2699,189322.03428571433
2700,179493.23499999993
2701,166829.62666666665
2702,124595.00000000001
2703,133223.06
2704,145536.74
2705,131306.25000000003
2706,123053.99333333335
2707,127182.99999999999
2708,136221.99999999997
2709,112200
2710,131243.83333333334
2711,280475.76
2712,355308.28000000014
2713,183263.1199999999
2714,152139.1
2715,171456.6000000001
2716,165687.22000000003
2717,202401.00000000003
2718,245851.48666666666
2719,163658.76666666666
2720,166340.05000000002
2721,142489.66666666672
2722,156906.33333333328
2723,155537.9
2724,137206.00000000003
2725,138675.83333333328
2726,141067.3333333333
2727,169976.11333333337
2728,161251.00000000003
2729,157006
2730,141862.8333333334
2731,125433.66000000003
2732,125036.49999999999
2733,162181.99999999997
2734,151937.00000000003
2735,131769
2736,147662.99999999997
2737,126366.99333333335
2738,134387.76666666666
2739,156700.3333333333
2740,136427.6
2741,153468.8233333333
2742,153372.66666666666
2743,151244.0833333333
2744,156211.00000000003
2745,139238.66666666672
2746,134373.66666666666
2747,155299.66666666672
2748,133213.0666666666
2749,139293.33333333337
2750,138938.11999999997
2751,130889.66666666667
2752,206515.36
2753,140303.85999999996
2754,243225.99999999997
2755,130338.83333333337
2756,109631.27999999997
2757,92568.31333333334
2758,95742.22
2759,158425.18
2760,142334
2761,147493.6666666667
2762,143230
2763,169913.3333333333
2764,167560.2
2765,206864
2766,140087.00000000003
2767,92205.55333333336
2768,134162.28
2769,134456.66666666672
2770,142976.99999999997
2771,117793
2772,124201.53333333333
2773,148657.04000000007
2774,133852.00000000003
2775,135662
2776,131047.75000000001
2777,138757.53714285715
2778,122754.58000000002
2779,131914.54
2780,106826.90000000001
2781,113616.26
2782,108970.50000000001
2783,111909.49999999997
2784,131426.20000000004
2785,136727.70666666675
2786,82309.10666666666
2787,117412.51333333335
2788,94408.37999999999
2789,149117.00000000003
2790,102421.24000000003
2791,124699.1
2792,75740.59999999999
2793,160325.69999999998
2794,110823.24
2795,123648.24666666666
2796,109580.32
2797,192325.9066666667
2798,113037.00000000001
2799,119734.74000000002
2800,94127.86
2801,117514.76999999997
2802,136614.63999999996
2803,155922.99999999997
2804,140108.40000000002
2805,108330
2806,102956.36
2807,155760.6666666666
2808,150860.49999999997
2809,141529
2810,134829.08333333337
2811,161505.6666666667
2812,147020.39999999997
2813,159473.61200000002
2814,153036.41199999998
2815,121567.99999999997
2816,217939.56000000003
2817,166353.59999999998
2818,139410.20000000004
2819,172719.205
2820,154069.00000000003
2821,121214.86000000002
2822,189144.25999999992
2823,267961.85333333333
2824,175285.4999999999
2825,144766.12000000002
2826,131978
2827,135370.39999999997
2828,242529.03499999997
2829,197893.5466666667
2830,223454.52
2831,194319.409
2832,251727.4666666667
2833,304949.7016666668
2834,218603.54000000004
2835,228103.95999999996
2836,193630.27
2837,169216.63999999998
2838,155487.70000000004
2839,183870.36333333328
2840,187774.16095238095
2841,202062.03333333333
2842,222511.86666666673
2843,147931.74000000002
2844,152422.6
2845,124894.00000000001
2846,209711.40666666665
2847,211366.85999999993
2848,220051.40666666668
2849,211908.1333333333
2850,270476.93000000005
2851,220621.76
2852,227417.46
2853,251313.40000000002
2854,138918.93333333335
2855,204054.47999999998
2856,215474.13333333336
2857,190856.13999999998
2858,199359.99166666667
2859,141288.91999999998
2860,126178.03333333333
2861,133822
2862,192981.89666666667
2863,126561.00000000003
2864,250673.35999999993
2865,142124.2000000001
2866,132521.50000000003
2867,112804.83333333333
2868,112921.86
2869,126039.81999999999
2870,157433
2871,102183.6
2872,71247.87999999998
2873,113790.59999999998
2874,134147.00000000003
2875,117370.67999999998
2876,161632.93000000002
2877,131202.00000000006
2878,191227.63999999998
2879,140885.88
2880,111423.73999999999
2881,161371.12000000002
2882,178161.52000000002
2883,181822.37333333335
2884,178874.24999999994
2885,174348.47999999998
2886,218280.93888888884
2887,110864
2888,130630.67999999996
2889,69776.43999999999
2890,88015.07999999997
2891,140077.90666666668
2892,69018.88000000002
2893,111797.94
2894,77926.93333333335
2895,325688.45999999996
2896,284892.3733333333
2897,194279.74000000008
2898,139838.20000000007
2899,217978.22666666665
2900,156889.16000000006
2901,203109.00000000003
2902,198968.70000000004
2903,342057.7825000001
2904,323872.8591666665
2905,112729.12
2906,193296.6733333333
2907,116004.66666666667
2908,127936
2909,142423.59999999998
2910,84561.33333333333
2911,87640.83333333336
2912,149789.67000000004
2913,89207.49999999997
2914,87489.50000000001
2915,91068
2916,90198.83333333331
2917,162456.00000000003
2918,123576
2919,230862.42666666667
